{
  "framework": "pytorch",
  "model": "lerobot/smolvla_base",
  "device": "cuda",
  "dtype": "float32",
  "chunk_size": 50,
  "vlm_seq_len": 16,
  "denoise_steps": 10,
  "runs": 5,
  "avg_latency_ms": 228.49245239049196,
  "median_latency_ms": 241.3464169949293,
  "stdev_latency_ms": 19.35657313264682,
  "avg_per_step_ms": 22.849245239049193,
  "steps_per_second": 43.76512175951472,
  "peak_memory_mb": 501.46728515625
}
