{
  "framework": "pytorch",
  "model": "lerobot/smolvla_base",
  "device": "cuda",
  "dtype": "float32",
  "chunk_size": 50,
  "vlm_seq_len": 16,
  "denoise_steps": 10,
  "runs": 5,
  "avg_latency_ms": 226.8739144084975,
  "median_latency_ms": 222.46023299521767,
  "stdev_latency_ms": 11.264264843334713,
  "avg_per_step_ms": 22.687391440849755,
  "steps_per_second": 44.07734589528223,
  "peak_memory_mb": 501.46728515625
}
