{
  "framework": "pytorch",
  "model": "lerobot/smolvla_base",
  "device": "cuda",
  "dtype": "float32",
  "chunk_size": 50,
  "vlm_seq_len": 16,
  "denoise_steps": 10,
  "runs": 5,
  "avg_latency_ms": 235.56869059975725,
  "median_latency_ms": 241.56819700147025,
  "stdev_latency_ms": 13.748391382006261,
  "avg_per_step_ms": 23.556869059975725,
  "steps_per_second": 42.45046306680241,
  "peak_memory_mb": 501.46728515625
}
